{
    "total_responses": 243,
    "average_bleu": 0.0,
    "average_rouge": 0.07760196214497492,
    "average_bert_score": 0.8012090435734501,
    "average_relevance": 